{
  "project_info": {
    "project_number": "76101710775",
    "project_id": "voting-q-f5f47",
    "storage_bucket": "voting-q-f5f47.appspot.com"
  },
  "client": [
    {
      "client_info": {
        "mobilesdk_app_id": "1:76101710775:android:f356148a848fa067ce6e32",
        "android_client_info": {
          "package_name": "com.votingq"
        }
      },
      "oauth_client": [
        {
          "client_id": "76101710775-ut5sjtm7dk16nu17m624roof8umnh4ol.apps.googleusercontent.com",
          "client_type": 3
        }
      ],
      "api_key": [
        {
          "current_key": "AIzaSyAAPjBUsQqT2wPk4dcXxU4DrASUbBQb8Dw"
        }
      ],
      "services": {
        "appinvite_service": {
          "other_platform_oauth_client": [
            {
              "client_id": "76101710775-ut5sjtm7dk16nu17m624roof8umnh4ol.apps.googleusercontent.com",
              "client_type": 3
            }
          ]
        }
      }
    }
  ],
  "configuration_version": "1"
}